,group1,group2,t-statistic,p-value
0,control ad lib Day,HFHS ad lib Day,2.5806815846084152,0.025559240029017747
1,control ad lib Night,HFHS ad lib Night,-2.580681584608413,0.02555924002901786
